{
  "Low32": 19.937483610233826,
  "Verify": 17.6003526896591
}